id,X,Y
Centro Comercial Unicentro,4.141527245059058,-73.63449460258296
Universidad Santo Tomas,4.12231246231378,-73.6167590243816
Viva Centro Comercial,4.125550377492055,-73.63870677979345
Primavera Urbana Centro Comercial,4.134766590816899,-73.64045704376025
Parque de la Vida Cofrem,4.146160500817446,-73.62161447447407
