id,X,Y
Av,-73.637452,4.158189
Glorieta,-73.638332,4.157526
Avk,-73.637881,4.156916
Viak,-73.638729,4.158136
Via,-73.63934,4.157815
Cristo,-73.642538,4.154808
Concha,-73.64302,4.153042
Parque,-73.639276,4.154669
Catedral,-73.6386,4.152079
Parque,-73.638246,4.151533
Banco,-73.637785,4.151138
Almacen,-73.634984,4.152208
